[{"id":"4","username":"bustan_rotana","password":"123456","phone1":"xxxxxxxxx","phone2":"xxxxxx","image":"1462046316.png"},{"id":"5","username":"bahara","password":"123456","phone1":"xxxxxxxxx","phone2":"xxxxxx","image":"1462046436.png"},{"id":"6","username":"sewar","password":"123456","phone1":"xxxxxxxxx","phone2":"xxxxxx","image":"1462046827.png"},{"id":"7","username":"test2","password":"123456","phone1":"xxxxxxxxx","phone2":"xxxxxx","image":"1462046844.png"},{"id":"8","username":"test5","password":"123456","phone1":"xxxxxxxxx","phone2":"xxxxxx","image":"1462046857.png"},{"id":"10","username":"test","password":"123456","phone1":"sdd","phone2":"dfsas","image":"1462259323."}]