[{"id":"6","name":"nael hazwani","price":"200|$","image":"1459478368.jpg","username":"nael_hazwani","password":"123456","type":"1"},{"id":"7","name":"fadi abd al khalek","price":"200|$","image":"1459478428.jpg","username":"fadi abd al khalek","password":"123456","type":"1"},{"id":"8","name":"murad helmi","price":"200|$","image":"1459478822.jpg","username":"murad helmi","password":"123456","type":"1"},{"id":"15","name":"OMAE ALSHAAR","price":"200","image":"1460398323.jpg","username":"OMAE ALSHAAR","password":"123456","type":"1"},{"id":"16","name":"ABOUD AWAD","price":"200","image":"1460398385.jpg","username":"ABOUD AWAD","password":"123456","type":"1"},{"id":"17","name":"ISSAM NASRE;DEEN","price":"200","image":"1460398423.jpg","username":"ISSAM NASRE;DEEN","password":"123456","type":"1"},{"id":"18","name":"HANI JAMIL","price":"200","image":"1460398693.jpg","username":"HANI JAMIL","password":"123456","type":"1"}]